{"cameraMode":{"drawMode":0,"name":"Shaded","section":"Shading Mode"},"sceneLighting":false,"audioPlay":false,"sceneViewState":{"showFog":true,"showMaterialUpdate":false,"showSkybox":true,"showFlares":true,"showImageEffects":true,"showParticleSystems":true},"in2DMode":false,"pivot":{"x":-0.0018468275666236878,"y":0.05514822155237198,"z":0.011127738282084465},"rotation":{"x":-0.25193873047828677,"y":0.273225337266922,"z":-0.07438579201698303,"w":-0.9253872632980347},"size":0.37558606266975405,"orthographic":false}