{"cameraMode":{"drawMode":0,"name":"Shaded","section":"Shading Mode"},"sceneLighting":true,"audioPlay":false,"sceneViewState":{"showFog":true,"showMaterialUpdate":false,"showSkybox":true,"showFlares":true,"showImageEffects":true,"showParticleSystems":true},"in2DMode":false,"pivot":{"x":-0.0018468275666236878,"y":0.05514822527766228,"z":0.011127740144729615},"rotation":{"x":-0.20969612896442414,"y":0.30135610699653628,"z":-0.06811964511871338,"w":-0.9276701211929321},"size":0.37558606266975405,"orthographic":false}